[
  {
    "id": "1755169673438",
    "type": "guest_checked_in",
    "guestName": "aman",
    "roomNumber": "216",
    "time": "Just now",
    "status": "completed"
  },
  {
    "id": "1755168203117",
    "type": "guest_checked_out",
    "guestName": "aman",
    "roomNumber": "210",
    "time": "Just now",
    "status": "completed",
    "additionalPayment": 0
  },
  {
    "id": "1754917452768",
    "type": "guest_checked_in",
    "guestName": "aman",
    "roomNumber": "210",
    "time": "Just now",
    "status": "completed"
  }
]