[
  {
    "id": "1756133898410",
    "name": "aman",
    "email": "",
    "phone": "65469874986",
    "roomNumber": "212",
    "checkInDate": "2025-08-25",
    "checkOutDate": "2025-08-25",
    "status": "checked-in",
    "totalAmount": 1500,
    "paidAmount": 1500,
    "address": "",
    "idProof": "AADHAR-6946846848",
    "category": "couple",
    "plan": "EP",
    "complimentary": false,
    "secondaryGuest": {
      "name": "muskan",
      "phone": "",
      "idProof": ""
    },
    "createdAt": "2025-08-25T14:58:18.410Z"
  }
]