[
  {
    "id": "1",
    "number": "101",
    "type": "STANDARD",
    "status": "AVAILABLE",
    "floor": 1,
    "price": 1500,
    "amenities": [
      "AC",
      "TV",
      "WiFi"
    ],
    "category": "COUPLE",
    "currentGuest": null,
    "checkInDate": null,
    "checkOutDate": null,
    "lastCleaned": "2025-08-09T11:49:02.646Z",
    "createdAt": "2025-08-09T11:49:02.646Z"
  },
  {
    "id": "2",
    "number": "102",
    "type": "STANDARD",
    "status": "AVAILABLE",
    "floor": 1,
    "price": 1500,
    "amenities": [
      "AC",
      "TV",
      "WiFi"
    ],
    "category": "SOLO",
    "currentGuest": null,
    "checkInDate": null,
    "checkOutDate": null,
    "lastCleaned": "2025-08-09T11:49:02.646Z",
    "createdAt": "2025-08-09T11:49:02.646Z"
  },
  {
    "id": "3",
    "number": "103",
    "type": "STANDARD",
    "status": "AVAILABLE",
    "floor": 1,
    "price": 1500,
    "amenities": [
      "AC",
      "TV",
      "WiFi"
    ],
    "category": "CORPORATE",
    "currentGuest": null,
    "checkInDate": null,
    "checkOutDate": null,
    "lastCleaned": "2025-08-09T11:49:02.646Z",
    "createdAt": "2025-08-09T11:49:02.646Z"
  },
  {
    "id": "4",
    "number": "104",
    "type": "STANDARD",
    "status": "AVAILABLE",
    "floor": 1,
    "price": 1500,
    "amenities": [
      "AC",
      "TV",
      "WiFi"
    ],
    "category": "FAMILY",
    "currentGuest": null,
    "checkInDate": null,
    "checkOutDate": null,
    "lastCleaned": "2025-08-09T11:49:02.646Z",
    "createdAt": "2025-08-09T11:49:02.646Z"
  },
  {
    "id": "5",
    "number": "201",
    "type": "DELUXE",
    "status": "AVAILABLE",
    "floor": 2,
    "price": 2500,
    "amenities": [
      "AC",
      "TV",
      "WiFi",
      "Coffee",
      "Balcony"
    ],
    "category": "COUPLE",
    "currentGuest": null,
    "checkInDate": null,
    "checkOutDate": null,
    "lastCleaned": "2025-08-09T11:49:02.646Z",
    "createdAt": "2025-08-09T11:49:02.646Z"
  },
  {
    "id": "6",
    "number": "202",
    "type": "SUITE",
    "status": "AVAILABLE",
    "floor": 2,
    "price": 4000,
    "amenities": [
      "AC",
      "TV",
      "WiFi",
      "Coffee",
      "Balcony",
      "Jacuzzi"
    ],
    "category": "COUPLE",
    "currentGuest": null,
    "checkInDate": null,
    "checkOutDate": null,
    "lastCleaned": "2025-08-09T11:49:02.646Z",
    "createdAt": "2025-08-09T11:49:02.646Z"
  },
  {
    "id": "7",
    "number": "203",
    "type": "DELUXE",
    "status": "AVAILABLE",
    "floor": 2,
    "price": 2500,
    "amenities": [
      "AC",
      "TV",
      "WiFi",
      "Coffee",
      "Balcony"
    ],
    "category": "SOLO",
    "currentGuest": null,
    "checkInDate": null,
    "checkOutDate": null,
    "lastCleaned": "2025-08-09T11:49:02.646Z",
    "createdAt": "2025-08-09T11:49:02.646Z"
  },
  {
    "id": "8",
    "number": "204",
    "type": "DELUXE",
    "status": "AVAILABLE",
    "floor": 2,
    "price": 2500,
    "amenities": [
      "AC",
      "TV",
      "WiFi",
      "Coffee",
      "Balcony"
    ],
    "category": "SOLO",
    "currentGuest": null,
    "checkInDate": null,
    "checkOutDate": null,
    "lastCleaned": "2025-08-09T11:49:02.646Z",
    "createdAt": "2025-08-09T11:49:02.646Z"
  },
  {
    "id": "9",
    "number": "206",
    "type": "DELUXE",
    "status": "AVAILABLE",
    "floor": 2,
    "price": 2500,
    "amenities": [
      "AC",
      "TV",
      "WiFi",
      "Coffee",
      "Balcony"
    ],
    "category": "CORPORATE",
    "currentGuest": null,
    "checkInDate": null,
    "checkOutDate": null,
    "lastCleaned": "2025-08-09T11:49:02.646Z",
    "createdAt": "2025-08-09T11:49:02.646Z"
  },
  {
    "id": "10",
    "number": "208",
    "type": "DELUXE",
    "status": "AVAILABLE",
    "floor": 2,
    "price": 2500,
    "amenities": [
      "AC",
      "TV",
      "WiFi",
      "Coffee",
      "Balcony"
    ],
    "category": "CORPORATE",
    "currentGuest": null,
    "checkInDate": null,
    "checkOutDate": null,
    "lastCleaned": "2025-08-09T11:49:02.646Z",
    "createdAt": "2025-08-09T11:49:02.646Z"
  },
  {
    "id": "11",
    "number": "210",
    "type": "DELUXE",
    "status": "AVAILABLE",
    "floor": 2,
    "price": 2500,
    "amenities": [
      "AC",
      "TV",
      "WiFi",
      "Coffee",
      "Balcony"
    ],
    "category": "SOLO",
    "currentGuest": null,
    "checkInDate": null,
    "checkOutDate": null,
    "lastCleaned": "2025-08-09T11:49:02.646Z",
    "createdAt": "2025-08-09T11:49:02.646Z"
  },
  {
    "id": "12",
    "number": "212",
    "type": "DELUXE",
    "status": "AVAILABLE",
    "floor": 2,
    "price": 2500,
    "amenities": [
      "AC",
      "TV",
      "WiFi",
      "Coffee",
      "Balcony"
    ],
    "category": "SOLO",
    "currentGuest": null,
    "checkInDate": null,
    "checkOutDate": null,
    "lastCleaned": "2025-08-09T11:49:02.646Z",
    "createdAt": "2025-08-09T11:49:02.646Z"
  },
  {
    "id": "13",
    "number": "214",
    "type": "DELUXE",
    "status": "AVAILABLE",
    "floor": 2,
    "price": 2500,
    "amenities": [
      "AC",
      "TV",
      "WiFi",
      "Coffee",
      "Balcony"
    ],
    "category": "SOLO",
    "currentGuest": null,
    "checkInDate": null,
    "checkOutDate": null,
    "lastCleaned": "2025-08-09T11:49:02.646Z",
    "createdAt": "2025-08-09T11:49:02.646Z"
  },
  {
    "id": "14",
    "number": "216",
    "type": "SUITE",
    "status": "AVAILABLE",
    "floor": 2,
    "price": 4000,
    "amenities": [
      "AC",
      "TV",
      "WiFi",
      "Coffee",
      "Balcony",
      "Jacuzzi"
    ],
    "category": "SOLO",
    "currentGuest": null,
    "checkInDate": null,
    "checkOutDate": null,
    "lastCleaned": "2025-08-09T11:49:02.646Z",
    "createdAt": "2025-08-09T11:49:02.646Z"
  },
  {
    "id": "15",
    "number": "218",
    "type": "SUITE",
    "status": "AVAILABLE",
    "floor": 2,
    "price": 4000,
    "amenities": [
      "AC",
      "TV",
      "WiFi",
      "Coffee",
      "Balcony",
      "Jacuzzi"
    ],
    "category": "COUPLE",
    "currentGuest": null,
    "checkInDate": null,
    "checkOutDate": null,
    "lastCleaned": "2025-08-09T11:49:02.646Z",
    "createdAt": "2025-08-09T11:49:02.646Z"
  },
  {
    "id": "16",
    "number": "219",
    "type": "DELUXE",
    "status": "AVAILABLE",
    "floor": 2,
    "price": 2500,
    "amenities": [
      "AC",
      "TV",
      "WiFi",
      "Coffee",
      "Balcony"
    ],
    "category": "SOLO",
    "currentGuest": null,
    "checkInDate": null,
    "checkOutDate": null,
    "lastCleaned": "2025-08-09T11:49:02.646Z",
    "createdAt": "2025-08-09T11:49:02.646Z"
  },
  {
    "id": "17",
    "number": "220",
    "type": "DELUXE",
    "status": "AVAILABLE",
    "floor": 2,
    "price": 2500,
    "amenities": [
      "AC",
      "TV",
      "WiFi",
      "Coffee",
      "Balcony"
    ],
    "category": "CORPORATE",
    "currentGuest": null,
    "checkInDate": null,
    "checkOutDate": null,
    "lastCleaned": "2025-08-09T11:49:02.646Z",
    "createdAt": "2025-08-09T11:49:02.646Z"
  },
  {
    "id": "18",
    "number": "221",
    "type": "DELUXE",
    "status": "AVAILABLE",
    "floor": 2,
    "price": 2500,
    "amenities": [
      "AC",
      "TV",
      "WiFi",
      "Coffee",
      "Balcony"
    ],
    "category": "CORPORATE",
    "currentGuest": null,
    "checkInDate": null,
    "checkOutDate": null,
    "lastCleaned": "2025-08-09T11:49:02.646Z",
    "createdAt": "2025-08-09T11:49:02.646Z"
  },
  {
    "id": "19",
    "number": "222",
    "type": "DELUXE",
    "status": "AVAILABLE",
    "floor": 2,
    "price": 2500,
    "amenities": [
      "AC",
      "TV",
      "WiFi",
      "Coffee",
      "Balcony"
    ],
    "category": "SOLO",
    "currentGuest": null,
    "checkInDate": null,
    "checkOutDate": null,
    "lastCleaned": "2025-08-09T11:49:02.646Z",
    "createdAt": "2025-08-09T11:49:02.646Z"
  },
  {
    "id": "20",
    "number": "223",
    "type": "DELUXE",
    "status": "AVAILABLE",
    "floor": 2,
    "price": 2500,
    "amenities": [
      "AC",
      "TV",
      "WiFi",
      "Coffee",
      "Balcony"
    ],
    "category": "SOLO",
    "currentGuest": null,
    "checkInDate": null,
    "checkOutDate": null,
    "lastCleaned": "2025-08-09T11:49:02.646Z",
    "createdAt": "2025-08-09T11:49:02.646Z"
  },
  {
    "id": "21",
    "number": "224",
    "type": "DELUXE",
    "status": "AVAILABLE",
    "floor": 2,
    "price": 2500,
    "amenities": [
      "AC",
      "TV",
      "WiFi",
      "Coffee",
      "Balcony"
    ],
    "category": "SOLO",
    "currentGuest": null,
    "checkInDate": null,
    "checkOutDate": null,
    "lastCleaned": "2025-08-09T11:49:02.646Z",
    "createdAt": "2025-08-09T11:49:02.646Z"
  },
  {
    "id": "22",
    "number": "225",
    "type": "DELUXE",
    "status": "AVAILABLE",
    "floor": 2,
    "price": 2500,
    "amenities": [
      "AC",
      "TV",
      "WiFi",
      "Coffee",
      "Balcony"
    ],
    "category": "SOLO",
    "currentGuest": null,
    "checkInDate": null,
    "checkOutDate": null,
    "lastCleaned": "2025-08-09T11:49:02.646Z",
    "createdAt": "2025-08-09T11:49:02.646Z"
  },
  {
    "id": "23",
    "number": "226",
    "type": "DELUXE",
    "status": "AVAILABLE",
    "floor": 2,
    "price": 2500,
    "amenities": [
      "AC",
      "TV",
      "WiFi",
      "Coffee",
      "Balcony"
    ],
    "category": "SOLO",
    "currentGuest": null,
    "checkInDate": null,
    "checkOutDate": null,
    "lastCleaned": "2025-08-09T11:49:02.646Z",
    "createdAt": "2025-08-09T11:49:02.646Z"
  },
  {
    "id": "24",
    "number": "301",
    "type": "STANDARD",
    "status": "AVAILABLE",
    "floor": 3,
    "price": 1500,
    "amenities": [
      "AC",
      "TV",
      "WiFi"
    ],
    "category": "SOLO",
    "currentGuest": null,
    "checkInDate": null,
    "checkOutDate": null,
    "lastCleaned": "2025-08-09T11:49:02.646Z",
    "createdAt": "2025-08-09T11:49:02.646Z"
  },
  {
    "id": "25",
    "number": "303",
    "type": "STANDARD",
    "status": "AVAILABLE",
    "floor": 3,
    "price": 1500,
    "amenities": [
      "AC",
      "TV",
      "WiFi"
    ],
    "category": "SOLO",
    "currentGuest": null,
    "checkInDate": null,
    "checkOutDate": null,
    "lastCleaned": "2025-08-09T11:49:02.647Z",
    "createdAt": "2025-08-09T11:49:02.647Z"
  },
  {
    "id": "26",
    "number": "304",
    "type": "STANDARD",
    "status": "AVAILABLE",
    "floor": 3,
    "price": 1500,
    "amenities": [
      "AC",
      "TV",
      "WiFi"
    ],
    "category": "SOLO",
    "currentGuest": null,
    "checkInDate": null,
    "checkOutDate": null,
    "lastCleaned": "2025-08-09T11:49:02.647Z",
    "createdAt": "2025-08-09T11:49:02.647Z"
  },
  {
    "id": "27",
    "number": "305",
    "type": "STANDARD",
    "status": "AVAILABLE",
    "floor": 3,
    "price": 1500,
    "amenities": [
      "AC",
      "TV",
      "WiFi"
    ],
    "category": "SOLO",
    "currentGuest": null,
    "checkInDate": null,
    "checkOutDate": null,
    "lastCleaned": "2025-08-09T11:49:02.647Z",
    "createdAt": "2025-08-09T11:49:02.647Z"
  },
  {
    "id": "28",
    "number": "306",
    "type": "STANDARD",
    "status": "AVAILABLE",
    "floor": 3,
    "price": 1500,
    "amenities": [
      "AC",
      "TV",
      "WiFi"
    ],
    "category": "SOLO",
    "currentGuest": null,
    "checkInDate": null,
    "checkOutDate": null,
    "lastCleaned": "2025-08-09T11:49:02.647Z",
    "createdAt": "2025-08-09T11:49:02.647Z"
  },
  {
    "id": "29",
    "number": "307",
    "type": "STANDARD",
    "status": "AVAILABLE",
    "floor": 3,
    "price": 1500,
    "amenities": [
      "AC",
      "TV",
      "WiFi"
    ],
    "category": "SOLO",
    "currentGuest": null,
    "checkInDate": null,
    "checkOutDate": null,
    "lastCleaned": "2025-08-09T11:49:02.647Z",
    "createdAt": "2025-08-09T11:49:02.647Z"
  },
  {
    "id": "30",
    "number": "308",
    "type": "STANDARD",
    "status": "AVAILABLE",
    "floor": 3,
    "price": 1500,
    "amenities": [
      "AC",
      "TV",
      "WiFi"
    ],
    "category": "SOLO",
    "currentGuest": null,
    "checkInDate": null,
    "checkOutDate": null,
    "lastCleaned": "2025-08-09T11:49:02.647Z",
    "createdAt": "2025-08-09T11:49:02.647Z"
  },
  {
    "id": "31",
    "number": "309",
    "type": "STANDARD",
    "status": "AVAILABLE",
    "floor": 3,
    "price": 1500,
    "amenities": [
      "AC",
      "TV",
      "WiFi"
    ],
    "category": "SOLO",
    "currentGuest": null,
    "checkInDate": null,
    "checkOutDate": null,
    "lastCleaned": "2025-08-09T11:49:02.647Z",
    "createdAt": "2025-08-09T11:49:02.647Z"
  },
  {
    "id": "32",
    "number": "310",
    "type": "STANDARD",
    "status": "AVAILABLE",
    "floor": 3,
    "price": 1500,
    "amenities": [
      "AC",
      "TV",
      "WiFi"
    ],
    "category": "SOLO",
    "currentGuest": null,
    "checkInDate": null,
    "checkOutDate": null,
    "lastCleaned": "2025-08-09T11:49:02.647Z",
    "createdAt": "2025-08-09T11:49:02.647Z"
  },
  {
    "id": "33",
    "number": "311",
    "type": "STANDARD",
    "status": "AVAILABLE",
    "floor": 3,
    "price": 1500,
    "amenities": [
      "AC",
      "TV",
      "WiFi"
    ],
    "category": "SOLO",
    "currentGuest": null,
    "checkInDate": null,
    "checkOutDate": null,
    "lastCleaned": "2025-08-09T11:49:02.647Z",
    "createdAt": "2025-08-09T11:49:02.647Z"
  },
  {
    "id": "34",
    "number": "312",
    "type": "STANDARD",
    "status": "AVAILABLE",
    "floor": 3,
    "price": 1500,
    "amenities": [
      "AC",
      "TV",
      "WiFi"
    ],
    "category": "SOLO",
    "currentGuest": null,
    "checkInDate": null,
    "checkOutDate": null,
    "lastCleaned": "2025-08-09T11:49:02.647Z",
    "createdAt": "2025-08-09T11:49:02.647Z"
  },
  {
    "id": "35",
    "number": "401",
    "type": "PRESIDENTIAL",
    "status": "AVAILABLE",
    "floor": 4,
    "price": 8000,
    "amenities": [
      "AC",
      "TV",
      "WiFi",
      "Coffee",
      "Balcony",
      "Jacuzzi",
      "Butler"
    ],
    "category": "CORPORATE",
    "currentGuest": null,
    "checkInDate": null,
    "checkOutDate": null,
    "lastCleaned": "2025-08-09T11:49:02.647Z",
    "createdAt": "2025-08-09T11:49:02.647Z"
  },
  {
    "id": "36",
    "number": "402",
    "type": "PRESIDENTIAL",
    "status": "AVAILABLE",
    "floor": 4,
    "price": 8000,
    "amenities": [
      "AC",
      "TV",
      "WiFi",
      "Coffee",
      "Balcony",
      "Jacuzzi",
      "Butler"
    ],
    "category": "CORPORATE",
    "currentGuest": null,
    "checkInDate": null,
    "checkOutDate": null,
    "lastCleaned": "2025-08-09T11:49:02.647Z",
    "createdAt": "2025-08-09T11:49:02.647Z"
  },
  {
    "id": "37",
    "number": "403",
    "type": "PRESIDENTIAL",
    "status": "AVAILABLE",
    "floor": 4,
    "price": 8000,
    "amenities": [
      "AC",
      "TV",
      "WiFi",
      "Coffee",
      "Balcony",
      "Jacuzzi",
      "Butler"
    ],
    "category": "CORPORATE",
    "currentGuest": null,
    "checkInDate": null,
    "checkOutDate": null,
    "lastCleaned": "2025-08-09T11:49:02.647Z",
    "createdAt": "2025-08-09T11:49:02.647Z"
  },
  {
    "id": "38",
    "number": "404",
    "type": "PRESIDENTIAL",
    "status": "AVAILABLE",
    "floor": 4,
    "price": 8000,
    "amenities": [
      "AC",
      "TV",
      "WiFi",
      "Coffee",
      "Balcony",
      "Jacuzzi",
      "Butler"
    ],
    "category": "CORPORATE",
    "currentGuest": null,
    "checkInDate": null,
    "checkOutDate": null,
    "lastCleaned": "2025-08-09T11:49:02.647Z",
    "createdAt": "2025-08-09T11:49:02.647Z"
  },
  {
    "id": "39",
    "number": "405",
    "type": "PRESIDENTIAL",
    "status": "AVAILABLE",
    "floor": 4,
    "price": 8000,
    "amenities": [
      "AC",
      "TV",
      "WiFi",
      "Coffee",
      "Balcony",
      "Jacuzzi",
      "Butler"
    ],
    "category": "CORPORATE",
    "currentGuest": null,
    "checkInDate": null,
    "checkOutDate": null,
    "lastCleaned": "2025-08-09T11:49:02.647Z",
    "createdAt": "2025-08-09T11:49:02.647Z"
  },
  {
    "id": "40",
    "number": "406",
    "type": "PRESIDENTIAL",
    "status": "AVAILABLE",
    "floor": 4,
    "price": 8000,
    "amenities": [
      "AC",
      "TV",
      "WiFi",
      "Coffee",
      "Balcony",
      "Jacuzzi",
      "Butler"
    ],
    "category": "CORPORATE",
    "currentGuest": null,
    "checkInDate": null,
    "checkOutDate": null,
    "lastCleaned": "2025-08-09T11:49:02.647Z",
    "createdAt": "2025-08-09T11:49:02.647Z"
  },
  {
    "id": "41",
    "number": "407",
    "type": "PRESIDENTIAL",
    "status": "AVAILABLE",
    "floor": 4,
    "price": 8000,
    "amenities": [
      "AC",
      "TV",
      "WiFi",
      "Coffee",
      "Balcony",
      "Jacuzzi",
      "Butler"
    ],
    "category": "CORPORATE",
    "currentGuest": null,
    "checkInDate": null,
    "checkOutDate": null,
    "lastCleaned": "2025-08-09T11:49:02.647Z",
    "createdAt": "2025-08-09T11:49:02.647Z"
  },
  {
    "id": "42",
    "number": "408",
    "type": "PRESIDENTIAL",
    "status": "AVAILABLE",
    "floor": 4,
    "price": 8000,
    "amenities": [
      "AC",
      "TV",
      "WiFi",
      "Coffee",
      "Balcony",
      "Jacuzzi",
      "Butler"
    ],
    "category": "CORPORATE",
    "currentGuest": null,
    "checkInDate": null,
    "checkOutDate": null,
    "lastCleaned": "2025-08-09T11:49:02.647Z",
    "createdAt": "2025-08-09T11:49:02.647Z"
  },
  {
    "id": "43",
    "number": "409",
    "type": "PRESIDENTIAL",
    "status": "AVAILABLE",
    "floor": 4,
    "price": 8000,
    "amenities": [
      "AC",
      "TV",
      "WiFi",
      "Coffee",
      "Balcony",
      "Jacuzzi",
      "Butler"
    ],
    "category": "CORPORATE",
    "currentGuest": null,
    "checkInDate": null,
    "checkOutDate": null,
    "lastCleaned": "2025-08-09T11:49:02.647Z",
    "createdAt": "2025-08-09T11:49:02.647Z"
  },
  {
    "id": "44",
    "number": "410",
    "type": "PRESIDENTIAL",
    "status": "AVAILABLE",
    "floor": 4,
    "price": 8000,
    "amenities": [
      "AC",
      "TV",
      "WiFi",
      "Coffee",
      "Balcony",
      "Jacuzzi",
      "Butler"
    ],
    "category": "CORPORATE",
    "currentGuest": null,
    "checkInDate": null,
    "checkOutDate": null,
    "lastCleaned": "2025-08-09T11:49:02.647Z",
    "createdAt": "2025-08-09T11:49:02.647Z"
  },
  {
    "id": "45",
    "number": "411",
    "type": "PRESIDENTIAL",
    "status": "AVAILABLE",
    "floor": 4,
    "price": 8000,
    "amenities": [
      "AC",
      "TV",
      "WiFi",
      "Coffee",
      "Balcony",
      "Jacuzzi",
      "Butler"
    ],
    "category": "CORPORATE",
    "currentGuest": null,
    "checkInDate": null,
    "checkOutDate": null,
    "lastCleaned": "2025-08-09T11:49:02.647Z",
    "createdAt": "2025-08-09T11:49:02.647Z"
  }
]